0	8294499	746000	0.089939125
1	8165104	2169	2.6564268E-4
2	8341516	3038	3.642024E-4
3	8669295	2757	3.1801895E-4
4	8108783	3123	3.8513794E-4
5	8203443	2380	2.901221E-4
6	8256123	6598	7.9916447E-4
7	8470669	3612	4.264126E-4
8	7980728	6611	8.2837057E-4
9	8305793	3290	3.9610907E-4
10	8241521	3533	4.28683E-4
11	8271971	3210	3.8805747E-4
12	8212800	2948	3.589519E-4
13	8519940	3580	4.2019074E-4
14	8365542	4686	5.6015496E-4
15	8117027	3544	4.3661307E-4
16	8449047	3471	4.1081556E-4
17	8247059	3581	4.3421538E-4
18	8182470	3340	4.081897E-4
19	8499611	3697	4.3496108E-4
20	7957073	4634	5.823749E-4
21	8351879	3328	3.984732E-4
22	8118373	3273	4.031596E-4
23	8312189	3673	4.418812E-4
24	7964016	3961	4.973621E-4
25	8447231	4370	5.1732926E-4
26	8356844	3383	4.048179E-4
27	8195764	3869	4.7207312E-4
28	8259775	2471	2.991607E-4
29	8330929	4084	4.902214E-4
30	8210444	5491	6.6878233E-4
31	8386883	3913	4.665619E-4
32	8297534	3920	4.7242953E-4
33	8319792	3486	4.1900086E-4
34	8267284	2777	3.3590232E-4
35	8222853	4177	5.0797453E-4
36	8350226	3325	3.9819282E-4
37	8168462	3123	3.8232413E-4
38	8054639	4094	5.0827855E-4
39	8485902	4593	5.412506E-4
40	8426825	4182	4.9627235E-4
41	8336225	2975	3.5687617E-4
42	8139119	4486	5.511653E-4
43	8171544	3668	4.4887478E-4
44	8372322	3537	4.2246343E-4
45	8256069	4465	5.408143E-4
46	8214782	4907	5.9733784E-4
47	8434481	4171	4.945177E-4
48	8193165	3516	4.291382E-4
49	8981168	4230	4.709855E-4
50	8098915	4648	5.73904E-4
51	8311402	7063	8.4979646E-4
52	8291913	3618	4.3632876E-4
53	8061452	4168	5.1702844E-4
54	8006329	3700	4.621344E-4
55	8312982	4242	5.102862E-4
56	8336228	4698	5.6356424E-4
57	8173956	3440	4.2084884E-4
58	8367372	6480	7.744367E-4
59	8285655	5815	7.0181536E-4
60	8258453	5285	6.399504E-4
61	8806945	4726	5.3662196E-4
62	8194002	4305	5.253843E-4
63	8439981	3935	4.6623326E-4
64	8278642	6862	8.288799E-4
65	8265361	4791	5.79648E-4
66	8246165	4350	5.275179E-4
67	8267121	3549	4.2929093E-4
68	7939875	3321	4.1826855E-4
69	8201338	5309	6.473334E-4
70	8494788	5721	6.734718E-4
71	8339703	4751	5.6968455E-4
72	8224969	4493	5.462635E-4
73	8620483	7113	8.2512776E-4
74	8109850	5359	6.6080136E-4
75	8487776	5190	6.114676E-4
76	8238570	4591	5.572569E-4
77	8171898	6403	7.835389E-4
78	8140795	4498	5.525259E-4
79	8217991	4481	5.452671E-4
80	8548686	4646	5.434753E-4
81	8124836	5993	7.376149E-4
82	8069234	5261	6.5198255E-4
83	8150577	4799	5.8879267E-4
84	8527125	7712	9.04408E-4
85	8465437	4469	5.279113E-4
86	8182870	7342	8.972402E-4
87	8384701	5531	6.596538E-4
88	8317727	5623	6.7602604E-4
89	8428296	8093	9.6021785E-4
90	8473150	4152	4.9001846E-4
91	8199504	4370	5.3295906E-4
92	8242213	4993	6.057839E-4
93	8349980	4524	5.417977E-4
94	8367702	4149	4.9583503E-4
95	8222000	5842	7.105327E-4
96	8279581	4524	5.4640445E-4
97	8344455	5091	6.1010575E-4
98	8336497	5018	6.019315E-4
99	8262911	5533	6.696187E-4
100	8320951	5537	6.6542876E-4
101	8282731	5968	7.205353E-4
102	8492401	4718	5.555555E-4
103	8119520	5325	6.5582694E-4
104	8197214	4997	6.0959737E-4
105	8225227	6086	7.399188E-4
106	8052280	6926	8.601291E-4
107	8549238	5980	6.9947756E-4
108	8263303	4476	5.41672E-4
109	8467447	5817	6.869839E-4
110	8240972	7018	8.5159857E-4
111	8566356	5598	6.5348676E-4
112	8107019	4817	5.9417647E-4
113	8244496	4747	5.757781E-4
114	8744969	7023	8.0309034E-4
115	8157364	5206	6.3819636E-4
116	8179078	5130	6.272101E-4
117	8207230	5591	6.8122864E-4
118	8200771	6753	8.234592E-4
119	8123846	5731	7.0545403E-4
120	8323219	5416	6.507098E-4
121	8275196	5781	6.9859374E-4
122	8260779	5403	6.540545E-4
123	8499130	5873	6.910119E-4
124	8219893	5937	7.2227215E-4
125	8373537	6519	7.7852403E-4
126	8225442	5595	6.8020663E-4
127	8243782	6588	7.9914776E-4
128	8279074	5948	7.1843783E-4
129	8356864	5233	6.2619185E-4
130	8374493	6278	7.4965734E-4
131	8327815	8716	0.0010466131
132	8337843	5465	6.5544527E-4
133	8190144	5600	6.837487E-4
134	8127243	6637	8.166361E-4
135	8379816	5557	6.631411E-4
136	8201305	8801	0.0010731219
137	8189235	7981	9.745721E-4
138	8629633	6670	7.7291817E-4
139	8507377	6514	7.656884E-4
140	8318240	6061	7.286397E-4
141	8190024	7496	9.152598E-4
142	8415560	6468	7.685763E-4
143	8332628	6841	8.209895E-4
144	8301905	7084	8.532981E-4
145	8245330	6148	7.456342E-4
146	8422487	7562	8.9783454E-4
147	8487469	6818	8.033019E-4
148	8843972	9199	0.0010401435
149	8320072	8632	0.001037491
150	8201023	6588	8.0331444E-4
151	8321801	6404	7.69545E-4
152	8304487	7749	9.3311E-4
153	8382096	7162	8.544402E-4
154	8083626	15731	0.0019460326
155	8197917	7348	8.963253E-4
156	8127940	8215	0.0010107112
157	8170922	6595	8.071305E-4
158	8386128	9155	0.0010916837
159	8144592	6950	8.53327E-4
160	8107805	6971	8.597888E-4
161	8267366	6750	8.164632E-4
162	8426239	7785	9.2389976E-4
163	8391756	9214	0.0010979824
164	8531129	7589	8.8956574E-4
165	8290856	7350	8.8651886E-4
166	8173729	6869	8.403753E-4
167	8328905	6619	7.947023E-4
168	8239769	8811	0.0010693261
169	8176916	7347	8.9850504E-4
170	8209008	6091	7.4198976E-4
171	8441873	7658	9.071447E-4
172	8298937	9224	0.0011114676
173	8199601	7002	8.53944E-4
174	8418511	7096	8.429044E-4
175	8442525	7178	8.5021957E-4
176	8202382	9012	0.0010987052
0	8294499	17349	0.0020916273
1	8165104	4333	5.3067296E-4
2	8341516	4550	5.454644E-4
3	8669295	4725	5.45027E-4
4	8108783	5018	6.1883515E-4
5	8203443	4468	5.446494E-4
6	8256123	4717	5.7133357E-4
7	8470669	4730	5.5839744E-4
8	7980728	4492	5.628559E-4
9	8305793	4902	5.9019047E-4
10	8241521	4565	5.539026E-4
11	8271971	4618	5.5827084E-4
12	8212800	4234	5.155367E-4
13	8519940	4597	5.395578E-4
14	8365542	4738	5.6637096E-4
15	8117027	4452	5.484767E-4
16	8449047	4727	5.594714E-4
17	8247059	4534	5.4977176E-4
18	8182470	4568	5.5826665E-4
19	8499611	4898	5.7626166E-4
20	7957073	4584	5.7609123E-4
21	8351879	4904	5.871733E-4
22	8118373	4386	5.4025603E-4
23	8312189	4830	5.810744E-4
24	7964016	4677	5.872665E-4
25	8447231	4785	5.664578E-4
26	8356844	4545	5.438656E-4
27	8195764	4614	5.629737E-4
28	8259775	4700	5.690228E-4
29	8330929	4840	5.8096764E-4
30	8210444	5688	6.927762E-4
31	8386883	4540	5.4132147E-4
32	8297534	4466	5.382322E-4
33	8319792	5156	6.19727E-4
34	8267284	4463	5.3983874E-4
35	8222853	4848	5.895764E-4
36	8350226	4546	5.444164E-4
37	8168462	4569	5.593464E-4
38	8054639	4601	5.712236E-4
39	8485902	5090	5.9981836E-4
40	8426825	5015	5.9512333E-4
41	8336225	4903	5.8815593E-4
42	8139119	4759	5.84707E-4
43	8171544	4848	5.932783E-4
44	8372322	4863	5.8084243E-4
45	8256069	5119	6.2002876E-4
46	8214782	4686	5.704351E-4
47	8434481	4950	5.8687665E-4
48	8193165	4462	5.446003E-4
49	8981168	5149	5.733107E-4
50	8098915	4641	5.730397E-4
51	8311402	5198	6.254059E-4
52	8291913	4671	5.6331995E-4
53	8061452	4723	5.858746E-4
54	8006329	4578	5.7179766E-4
55	8312982	4748	5.711549E-4
56	8336228	5195	6.2318356E-4
57	8173956	4816	5.891884E-4
58	8367372	4577	5.470057E-4
59	8285655	4537	5.475729E-4
60	8258453	5151	6.2372454E-4
61	8806945	5104	5.795426E-4
62	8194002	4905	5.986086E-4
63	8439981	4774	5.656411E-4
64	8278642	5101	6.1616383E-4
65	8265361	4872	5.894479E-4
66	8246165	4879	5.91669E-4
67	8267121	4549	5.5025204E-4
68	7939875	4476	5.6373683E-4
69	8201338	5600	6.828154E-4
70	8494788	4937	5.811799E-4
71	8339703	4740	5.6836556E-4
72	8224969	4647	5.6498696E-4
73	8620483	5124	5.9439824E-4
74	8109850	4363	5.3798774E-4
75	8487776	5184	6.107607E-4
76	8238570	4757	5.77406E-4
77	8171898	4628	5.663311E-4
78	8140795	4698	5.770935E-4
79	8217991	4548	5.5341993E-4
80	8548686	4941	5.7798356E-4
81	8124836	5283	6.502285E-4
82	8069234	4916	6.092276E-4
83	8150577	4757	5.8363966E-4
84	8527125	5236	6.140405E-4
85	8465437	4710	5.5638E-4
86	8182870	4709	5.7547045E-4
87	8384701	4819	5.7473726E-4
88	8317727	5153	6.195202E-4
89	8428296	5146	6.1056233E-4
90	8473150	4775	5.6354486E-4
91	8199504	4672	5.6979054E-4
92	8242213	4769	5.7860673E-4
93	8349980	5099	6.106601E-4
94	8367702	4830	5.772194E-4
95	8222000	4754	5.782048E-4
96	8279581	4772	5.7635765E-4
97	8344455	4845	5.806251E-4
98	8336497	4864	5.834585E-4
99	8262911	4777	5.7812553E-4
100	8320951	4875	5.858705E-4
101	8282731	4737	5.719128E-4
102	8492401	4548	5.355376E-4
103	8119520	4800	5.9116795E-4
104	8197214	4697	5.7299953E-4
105	8225227	4553	5.5354094E-4
106	8052280	4669	5.798358E-4
107	8549238	5232	6.1198435E-4
108	8263303	4513	5.461496E-4
109	8467447	4915	5.804583E-4
110	8240972	4576	5.552743E-4
111	8566356	4703	5.4900825E-4
112	8107019	4529	5.586517E-4
113	8244496	4640	5.627997E-4
114	8744969	5589	6.3911034E-4
115	8157364	5223	6.4028037E-4
116	8179078	4465	5.4590503E-4
117	8207230	4709	5.737624E-4
118	8200771	4708	5.740924E-4
119	8123846	4613	5.678345E-4
120	8323219	4661	5.5999967E-4
121	8275196	4504	5.4427714E-4
122	8260779	4588	5.5539556E-4
123	8499130	4951	5.825302E-4
124	8219893	4637	5.6411925E-4
125	8373537	4728	5.6463596E-4
126	8225442	4615	5.6106405E-4
127	8243782	4626	5.611502E-4
128	8279074	4962	5.993424E-4
129	8356864	4729	5.6588213E-4
130	8374493	4784	5.712585E-4
131	8327815	4890	5.871888E-4
132	8337843	4763	5.7125086E-4
133	8190144	4373	5.3393445E-4
134	8127243	4420	5.438499E-4
135	8379816	4689	5.595588E-4
136	8201305	5134	6.2599796E-4
137	8189235	4473	5.4620486E-4
138	8629633	4849	5.619011E-4
139	8507377	4591	5.396493E-4
140	8318240	4636	5.5732945E-4
141	8190024	4749	5.798518E-4
142	8415560	4784	5.684708E-4
143	8332628	4513	5.4160587E-4
144	8301905	4500	5.420443E-4
145	8245330	4297	5.211435E-4
146	8422487	4643	5.5126235E-4
147	8487469	4642	5.4692395E-4
148	8843972	4898	5.5382354E-4
149	8320072	4325	5.1982724E-4
150	8201023	4400	5.365184E-4
151	8321801	4549	5.4663647E-4
152	8304487	4396	5.293524E-4
153	8382096	4525	5.3984113E-4
154	8083626	5030	6.222455E-4
155	8197917	4443	5.4196693E-4
156	8127940	4190	5.155058E-4
157	8170922	4170	5.103463E-4
158	8386128	4543	5.4172793E-4
159	8144592	4177	5.1285565E-4
160	8107805	4302	5.3059985E-4
161	8267366	4128	4.993126E-4
162	8426239	4320	5.1268423E-4
163	8391756	4298	5.121693E-4
164	8531129	4368	5.120073E-4
165	8290856	4225	5.0959754E-4
166	8173729	4078	4.989155E-4
167	8328905	4134	4.9634377E-4
168	8239769	4021	4.8799912E-4
169	8176916	4200	5.136411E-4
170	8209008	3999	4.8714777E-4
171	8441873	4192	4.965723E-4
172	8298937	4049	4.8789382E-4
173	8199601	3894	4.7490114E-4
174	8418511	4370	5.190942E-4
175	8442525	3997	4.7343655E-4
176	8202382	4095	4.9924525E-4
0	8294499	5729	6.9069874E-4
1	8165104	3745	4.586592E-4
2	8341516	3969	4.758128E-4
3	8669295	3952	4.5586177E-4
4	8108783	4385	5.4077164E-4
5	8203443	3748	4.5688133E-4
6	8256123	3850	4.6632058E-4
7	8470669	3886	4.5875952E-4
8	7980728	3728	4.671253E-4
9	8305793	3925	4.7256175E-4
10	8241521	3890	4.7200025E-4
11	8271971	3824	4.6228402E-4
12	8212800	3629	4.4187123E-4
13	8519940	3814	4.4765574E-4
14	8365542	3968	4.7432672E-4
15	8117027	3679	4.5324478E-4
16	8449047	3953	4.6786343E-4
17	8247059	3735	4.5288872E-4
18	8182470	3734	4.5634143E-4
19	8499611	4016	4.7249222E-4
20	7957073	3557	4.4702366E-4
21	8351879	3835	4.5917812E-4
22	8118373	3691	4.5464776E-4
23	8312189	3946	4.7472454E-4
24	7964016	3631	4.5592576E-4
25	8447231	3980	4.711603E-4
26	8356844	3921	4.6919627E-4
27	8195764	3612	4.4071546E-4
28	8259775	3807	4.6090843E-4
29	8330929	3966	4.7605735E-4
30	8210444	4274	5.205565E-4
31	8386883	3799	4.5296922E-4
32	8297534	3840	4.627881E-4
33	8319792	3792	4.5578062E-4
34	8267284	3678	4.4488613E-4
35	8222853	3698	4.4972225E-4
36	8350226	3820	4.5747263E-4
37	8168462	3677	4.5014595E-4
38	8054639	3674	4.5613464E-4
39	8485902	3969	4.6771692E-4
40	8426825	3848	4.5663698E-4
41	8336225	3787	4.5428236E-4
42	8139119	3782	4.6466946E-4
43	8171544	3665	4.4850766E-4
44	8372322	3807	4.5471257E-4
45	8256069	4043	4.8970035E-4
46	8214782	3702	4.5065104E-4
47	8434481	4021	4.7673355E-4
48	8193165	3613	4.4097734E-4
49	8981168	3835	4.270046E-4
50	8098915	3553	4.3870075E-4
51	8311402	3738	4.4974362E-4
52	8291913	3644	4.3946432E-4
53	8061452	3532	4.3813448E-4
54	8006329	3568	4.4564743E-4
55	8312982	3787	4.5555254E-4
56	8336228	3692	4.4288617E-4
57	8173956	3538	4.3283816E-4
58	8367372	3716	4.44106E-4
59	8285655	3685	4.4474457E-4
60	8258453	3847	4.6582575E-4
61	8806945	3915	4.4453554E-4
62	8194002	3705	4.5216002E-4
63	8439981	3749	4.4419532E-4
64	8278642	3927	4.7435315E-4
65	8265361	3656	4.4232793E-4
66	8246165	3624	4.39477E-4
67	8267121	3594	4.3473416E-4
68	7939875	3323	4.1852045E-4
69	8201338	3908	4.7650762E-4
70	8494788	3674	4.325005E-4
71	8339703	3642	4.367062E-4
72	8224969	3539	4.302752E-4
73	8620483	3881	4.502068E-4
74	8109850	3440	4.2417555E-4
75	8487776	3905	4.600734E-4
76	8238570	3604	4.3745455E-4
77	8171898	3481	4.2597204E-4
78	8140795	3457	4.246514E-4
79	8217991	3465	4.216359E-4
80	8548686	3559	4.163213E-4
81	8124836	3888	4.7853275E-4
82	8069234	3377	4.1850316E-4
83	8150577	3445	4.2266946E-4
84	8527125	3689	4.3261945E-4
85	8465437	3652	4.3140125E-4
86	8182870	3451	4.2173467E-4
87	8384701	3492	4.1647282E-4
88	8317727	3572	4.2944425E-4
89	8428296	3575	4.241664E-4
90	8473150	3520	4.154299E-4
91	8199504	3455	4.2136695E-4
92	8242213	3393	4.1166128E-4
93	8349980	3656	4.3784536E-4
94	8367702	3756	4.4886876E-4
95	8222000	3350	4.0744344E-4
96	8279581	3413	4.122189E-4
97	8344455	3493	4.1860132E-4
98	8336497	3478	4.172016E-4
99	8262911	3399	4.1135625E-4
100	8320951	3498	4.2038463E-4
101	8282731	3489	4.2123787E-4
102	8492401	3504	4.1260416E-4
103	8119520	3319	4.08768E-4
104	8197214	3373	4.1148128E-4
105	8225227	3272	3.9780058E-4
106	8052280	3107	3.8585346E-4
107	8549238	3530	4.129023E-4
108	8263303	3398	4.112157E-4
109	8467447	3470	4.0980475E-4
110	8240972	3338	4.050493E-4
111	8566356	3290	3.840606E-4
112	8107019	3212	3.9619987E-4
113	8244496	3221	3.906849E-4
114	8744969	3582	4.0960693E-4
115	8157364	3313	4.061361E-4
116	8179078	3239	3.960104E-4
117	8207230	3319	4.0439953E-4
118	8200771	3232	3.941093E-4
119	8123846	3164	3.894707E-4
120	8323219	3369	4.0477127E-4
121	8275196	3123	3.7739286E-4
122	8260779	3253	3.9378853E-4
123	8499130	3508	4.1274814E-4
124	8219893	3348	4.073046E-4
125	8373537	3293	3.9326272E-4
126	8225442	3265	3.9693917E-4
127	8243782	3227	3.9144655E-4
128	8279074	3381	4.08379E-4
129	8356864	3198	3.8267943E-4
130	8374493	3343	3.9918834E-4
131	8327815	3302	3.9650255E-4
132	8337843	3330	3.9938386E-4
133	8190144	3094	3.7777112E-4
134	8127243	3073	3.78111E-4
135	8379816	3263	3.8938803E-4
136	8201305	3475	4.2371306E-4
137	8189235	3105	3.791563E-4
138	8629633	3452	4.0001702E-4
139	8507377	3314	3.8954426E-4
140	8318240	3258	3.916694E-4
141	8190024	3081	3.7618936E-4
142	8415560	3334	3.9617092E-4
143	8332628	3181	3.8175232E-4
144	8301905	3176	3.825628E-4
145	8245330	3021	3.6638923E-4
146	8422487	3181	3.7767942E-4
147	8487469	3334	3.928144E-4
148	8843972	3222	3.6431593E-4
149	8320072	3167	3.8064574E-4
150	8201023	3076	3.7507515E-4
151	8321801	3098	3.722752E-4
152	8304487	3032	3.6510383E-4
153	8382096	3238	3.8629957E-4
154	8083626	3170	3.9215075E-4
155	8197917	2969	3.6216516E-4
156	8127940	2958	3.6392984E-4
157	8170922	2935	3.5920058E-4
158	8386128	3197	3.8122482E-4
159	8144592	2976	3.6539583E-4
160	8107805	2883	3.555833E-4
161	8267366	3083	3.72912E-4
162	8426239	3096	3.6742372E-4
163	8391756	3065	3.6523942E-4
164	8531129	3174	3.7204922E-4
165	8290856	3025	3.648598E-4
166	8173729	2841	3.4757698E-4
167	8328905	2915	3.49986E-4
168	8239769	2950	3.5801975E-4
169	8176916	3078	3.7642554E-4
170	8209008	2917	3.5534136E-4
171	8441873	3028	3.5868818E-4
172	8298937	2959	3.565517E-4
173	8199601	2894	3.5294401E-4
174	8418511	3067	3.6431622E-4
175	8442525	2939	3.481186E-4
176	8202382	2999	3.6562548E-4
0	8294499	3624	4.3691607E-4
1	8165104	2897	3.5480259E-4
2	8341516	2897	3.4729898E-4
3	8669295	2883	3.32553E-4
4	8108783	3024	3.7292895E-4
5	8203443	2816	3.432705E-4
6	8256123	2803	3.395056E-4
7	8470669	3082	3.6384375E-4
8	7980728	2701	3.384403E-4
9	8305793	2882	3.4698672E-4
10	8241521	2918	3.5406084E-4
11	8271971	2780	3.3607468E-4
12	8212800	2696	3.2826807E-4
13	8519940	2884	3.3850005E-4
14	8365542	2971	3.5514735E-4
15	8117027	2715	3.3448206E-4
16	8449047	2990	3.5388608E-4
17	8247059	2855	3.46184E-4
18	8182470	2699	3.298515E-4
19	8499611	3085	3.629578E-4
20	7957073	2676	3.3630457E-4
21	8351879	2856	3.4195898E-4
22	8118373	2721	3.3516568E-4
23	8312189	2800	3.3685472E-4
24	7964016	2701	3.391505E-4
25	8447231	2824	3.3431072E-4
26	8356844	2823	3.3780694E-4
27	8195764	2691	3.2834033E-4
28	8259775	2789	3.3766052E-4
29	8330929	2839	3.4077832E-4
30	8210444	2976	3.6246516E-4
31	8386883	2813	3.354047E-4
32	8297534	2785	3.356419E-4
33	8319792	2867	3.4459998E-4
34	8267284	2833	3.42676E-4
35	8222853	2743	3.3358252E-4
36	8350226	2711	3.2466187E-4
37	8168462	2580	3.1584894E-4
38	8054639	2660	3.3024448E-4
39	8485902	2982	3.5140637E-4
40	8426825	2779	3.297802E-4
41	8336225	2745	3.2928574E-4
42	8139119	2578	3.167419E-4
43	8171544	2540	3.1083476E-4
44	8372322	2858	3.4136287E-4
45	8256069	2865	3.4701746E-4
46	8214782	2682	3.2648462E-4
47	8434481	2884	3.4192976E-4
48	8193165	2616	3.1929053E-4
49	8981168	2840	3.1621722E-4
50	8098915	2611	3.2238886E-4
51	8311402	2638	3.1739532E-4
52	8291913	2632	3.174177E-4
53	8061452	2540	3.1507973E-4
54	8006329	2565	3.2037156E-4
55	8312982	2750	3.3080787E-4
56	8336228	2683	3.218482E-4
57	8173956	2558	3.1294517E-4
58	8367372	2678	3.200527E-4
59	8285655	2636	3.181402E-4
60	8258453	2655	3.2148877E-4
61	8806945	2919	3.3144298E-4
62	8194002	2667	3.25482E-4
63	8439981	2725	3.2286803E-4
64	8278642	2896	3.4981582E-4
65	8265361	2645	3.200102E-4
66	8246165	2622	3.1796598E-4
67	8267121	2721	3.2913513E-4
68	7939875	2513	3.1650372E-4
69	8201338	2626	3.2019167E-4
70	8494788	2758	3.2466967E-4
71	8339703	2680	3.2135437E-4
72	8224969	2520	3.0638414E-4
73	8620483	2657	3.082194E-4
74	8109850	2488	3.0678743E-4
75	8487776	2775	3.2694076E-4
76	8238570	2554	3.1000524E-4
77	8171898	2563	3.1363583E-4
78	8140795	2542	3.122545E-4
79	8217991	2454	2.9861313E-4
80	8548686	2758	3.2262268E-4
81	8124836	2571	3.1643716E-4
82	8069234	2426	3.0064813E-4
83	8150577	2391	2.9335346E-4
84	8527125	2602	3.0514388E-4
85	8465437	2630	3.1067504E-4
86	8182870	2458	3.003836E-4
87	8384701	2505	2.9875842E-4
88	8317727	2522	3.0320784E-4
89	8428296	2614	3.1014573E-4
90	8473150	2537	2.994164E-4
91	8199504	2477	3.0209144E-4
92	8242213	2495	3.0270996E-4
93	8349980	2509	3.0047976E-4
94	8367702	2607	3.1155508E-4
95	8222000	2574	3.130625E-4
96	8279581	2540	3.0677882E-4
97	8344455	2476	2.96724E-4
98	8336497	2427	2.911295E-4
99	8262911	2484	3.0062045E-4
100	8320951	2593	3.1162304E-4
101	8282731	2430	2.9338148E-4
102	8492401	2465	2.902595E-4
103	8119520	2267	2.792037E-4
104	8197214	2391	2.9168447E-4
105	8225227	2388	2.9032634E-4
106	8052280	2255	2.8004491E-4
107	8549238	2544	2.9757037E-4
108	8263303	2491	3.014533E-4
109	8467447	2466	2.91233E-4
110	8240972	2326	2.8224825E-4
111	8566356	2358	2.752629E-4
112	8107019	2383	2.939428E-4
113	8244496	2443	2.963189E-4
114	8744969	2518	2.8793697E-4
115	8157364	2339	2.8673478E-4
116	8179078	2378	2.9074182E-4
117	8207230	2358	2.8730766E-4
118	8200771	2373	2.8936303E-4
119	8123846	2254	2.774548E-4
120	8323219	2383	2.863075E-4
121	8275196	2312	2.7938915E-4
122	8260779	2314	2.8011887E-4
123	8499130	2480	2.9179457E-4
124	8219893	2228	2.7104976E-4
125	8373537	2389	2.8530357E-4
126	8225442	2344	2.849695E-4
127	8243782	2311	2.803325E-4
128	8279074	2393	2.89042E-4
129	8356864	2361	2.8252226E-4
130	8374493	2370	2.830022E-4
131	8327815	2353	2.8254712E-4
132	8337843	2450	2.9384097E-4
133	8190144	2275	2.777729E-4
134	8127243	2184	2.6872582E-4
135	8379816	2361	2.8174842E-4
136	8201305	2346	2.8605203E-4
137	8189235	2227	2.7194238E-4
138	8629633	2392	2.7718444E-4
139	8507377	2459	2.8904327E-4
140	8318240	2347	2.8215104E-4
141	8190024	2200	2.6861948E-4
142	8415560	2318	2.7544214E-4
143	8332628	2247	2.6966282E-4
144	8301905	2271	2.7355168E-4
145	8245330	2132	2.585706E-4
146	8422487	2336	2.7735275E-4
147	8487469	2440	2.8748263E-4
148	8843972	2279	2.5768965E-4
149	8320072	2199	2.643006E-4
150	8201023	2146	2.6167466E-4
151	8321801	2286	2.7470014E-4
152	8304487	2220	2.6732538E-4
153	8382096	2290	2.7320135E-4
154	8083626	2201	2.722788E-4
155	8197917	2167	2.6433545E-4
156	8127940	2046	2.517243E-4
157	8170922	2158	2.6410728E-4
158	8386128	2327	2.7748206E-4
159	8144592	2108	2.5882205E-4
160	8107805	2160	2.6640994E-4
161	8267366	2270	2.7457354E-4
162	8426239	2271	2.6951527E-4
163	8391756	2222	2.6478368E-4
164	8531129	2316	2.7147637E-4
165	8290856	2232	2.6921224E-4
166	8173729	2014	2.4639917E-4
167	8328905	2046	2.4565053E-4
168	8239769	2156	2.616578E-4
169	8176916	2084	2.5486381E-4
170	8209008	2152	2.6215104E-4
171	8441873	2153	2.5503818E-4
172	8298937	2130	2.5665938E-4
173	8199601	2115	2.579394E-4
174	8418511	2243	2.6643666E-4
175	8442525	2189	2.5928262E-4
176	8202382	2087	2.544383E-4
0	8294499	2435	2.9356807E-4
1	8165104	2150	2.6331568E-4
2	8341516	2188	2.6230243E-4
3	8669295	2117	2.4419517E-4
4	8108783	2183	2.6921424E-4
5	8203443	2130	2.596471E-4
6	8256123	2043	2.474527E-4
7	8470669	2162	2.5523367E-4
8	7980728	1925	2.4120607E-4
9	8305793	2088	2.513908E-4
10	8241521	2137	2.592968E-4
11	8271971	2135	2.581005E-4
12	8212800	2054	2.5009742E-4
13	8519940	2085	2.4472002E-4
14	8365542	2111	2.5234467E-4
15	8117027	1952	2.4048214E-4
16	8449047	2154	2.5494E-4
17	8247059	1980	2.4008559E-4
18	8182470	2057	2.513911E-4
19	8499611	2151	2.530704E-4
20	7957073	1918	2.4104341E-4
21	8351879	2088	2.5000362E-4
22	8118373	1975	2.4327534E-4
23	8312189	2082	2.5047554E-4
24	7964016	1884	2.3656407E-4
25	8447231	2151	2.5463966E-4
26	8356844	2152	2.575135E-4
27	8195764	2007	2.448826E-4
28	8259775	1986	2.4044239E-4
29	8330929	2185	2.6227566E-4
30	8210444	2185	2.6612447E-4
31	8386883	2028	2.4180616E-4
32	8297534	2014	2.4272272E-4
33	8319792	2000	2.4039063E-4
34	8267284	1950	2.3586948E-4
35	8222853	1970	2.3957621E-4
36	8350226	1984	2.3759836E-4
37	8168462	1960	2.3994726E-4
38	8054639	1833	2.2757072E-4
39	8485902	2135	2.5159377E-4
40	8426825	1914	2.2713181E-4
41	8336225	1995	2.3931696E-4
42	8139119	1979	2.4314671E-4
43	8171544	1863	2.279863E-4
44	8372322	1992	2.3792683E-4
45	8256069	2055	2.489078E-4
46	8214782	1907	2.321425E-4
47	8434481	2044	2.4233856E-4
48	8193165	1884	2.2994776E-4
49	8981168	2028	2.2580582E-4
50	8098915	1727	2.1323844E-4
51	8311402	1931	2.3233144E-4
52	8291913	1929	2.326363E-4
53	8061452	1775	2.2018366E-4
54	8006329	1897	2.3693756E-4
55	8312982	1938	2.3312934E-4
56	8336228	2031	2.4363537E-4
57	8173956	1895	2.3183388E-4
58	8367372	1958	2.3400418E-4
59	8285655	1844	2.2255331E-4
60	8258453	1823	2.2074352E-4
61	8806945	2056	2.3345213E-4
62	8194002	1881	2.2955815E-4
63	8439981	2028	2.402849E-4
64	8278642	2021	2.4412216E-4
65	8265361	1873	2.2660838E-4
66	8246165	1911	2.317441E-4
67	8267121	1904	2.3030992E-4
68	7939875	1717	2.1625025E-4
69	8201338	1824	2.2240274E-4
70	8494788	1981	2.3320182E-4
71	8339703	1884	2.2590732E-4
72	8224969	1829	2.2237166E-4
73	8620483	2004	2.3246957E-4
74	8109850	1813	2.2355531E-4
75	8487776	1962	2.3115597E-4
76	8238570	1868	2.2673838E-4
77	8171898	1837	2.2479479E-4
78	8140795	1729	2.1238712E-4
79	8217991	1854	2.2560258E-4
80	8548686	1892	2.2132056E-4
81	8124836	1884	2.318816E-4
82	8069234	1665	2.0633929E-4
83	8150577	1790	2.1961636E-4
84	8527125	1798	2.1085654E-4
85	8465437	1829	2.16055E-4
86	8182870	1739	2.1251713E-4
87	8384701	1803	2.150345E-4
88	8317727	1818	2.1856933E-4
89	8428296	1931	2.2910918E-4
90	8473150	1844	2.1762862E-4
91	8199504	1727	2.106225E-4
92	8242213	1764	2.140202E-4
93	8349980	1783	2.1353345E-4
94	8367702	1856	2.2180523E-4
95	8222000	1807	2.1977621E-4
96	8279581	1791	2.163153E-4
97	8344455	1791	2.1463355E-4
98	8336497	1765	2.1171963E-4
99	8262911	1757	2.1263692E-4
100	8320951	1764	2.11995E-4
101	8282731	1729	2.0874757E-4
102	8492401	1847	2.1748856E-4
103	8119520	1693	2.0850987E-4
104	8197214	1704	2.078755E-4
105	8225227	1651	2.0072394E-4
106	8052280	1635	2.0304808E-4
107	8549238	1919	2.2446446E-4
108	8263303	1748	2.1153768E-4
109	8467447	1828	2.1588561E-4
110	8240972	1705	2.0689308E-4
111	8566356	1641	1.9156336E-4
112	8107019	1697	2.0932479E-4
113	8244496	1724	2.091092E-4
114	8744969	1818	2.0789096E-4
115	8157364	1721	2.1097502E-4
116	8179078	1633	1.9965575E-4
117	8207230	1714	2.0884025E-4
118	8200771	1649	2.0107866E-4
119	8123846	1640	2.0187482E-4
120	8323219	1774	2.1313869E-4
121	8275196	1663	2.0096201E-4
122	8260779	1699	2.0567067E-4
123	8499130	1843	2.1684573E-4
124	8219893	1648	2.0048923E-4
125	8373537	1686	2.0134861E-4
126	8225442	1704	2.0716211E-4
127	8243782	1671	2.0269823E-4
128	8279074	1680	2.0292125E-4
129	8356864	1754	2.0988735E-4
130	8374493	1729	2.0646026E-4
131	8327815	1753	2.1049939E-4
132	8337843	1783	2.1384428E-4
133	8190144	1659	2.0256054E-4
134	8127243	1555	1.913318E-4
135	8379816	1716	2.0477777E-4
136	8201305	1812	2.2094045E-4
137	8189235	1600	1.9537845E-4
138	8629633	1831	2.1217589E-4
139	8507377	1810	2.1275652E-4
140	8318240	1647	1.9799861E-4
141	8190024	1654	2.0195301E-4
142	8415560	1729	2.0545276E-4
143	8332628	1584	1.9009609E-4
144	8301905	1611	1.9405184E-4
145	8245330	1568	1.9016826E-4
146	8422487	1671	1.9839745E-4
147	8487469	1693	1.9947054E-4
148	8843972	1659	1.8758539E-4
149	8320072	1636	1.9663291E-4
150	8201023	1626	1.9826795E-4
151	8321801	1635	1.964719E-4
152	8304487	1679	2.0217986E-4
153	8382096	1622	1.9350769E-4
154	8083626	1530	1.892715E-4
155	8197917	1530	1.8663278E-4
156	8127940	1544	1.8996203E-4
157	8170922	1562	1.911657E-4
158	8386128	1642	1.9579954E-4
159	8144592	1547	1.8994199E-4
160	8107805	1522	1.8772035E-4
161	8267366	1640	1.9837031E-4
162	8426239	1595	1.8928967E-4
163	8391756	1634	1.9471491E-4
164	8531129	1672	1.9598813E-4
165	8290856	1572	1.8960648E-4
166	8173729	1481	1.8119025E-4
167	8328905	1592	1.9114157E-4
168	8239769	1549	1.879907E-4
169	8176916	1571	1.9212623E-4
170	8209008	1557	1.8966969E-4
171	8441873	1628	1.928482E-4
172	8298937	1549	1.8665042E-4
173	8199601	1493	1.8208203E-4
174	8418511	1632	1.938585E-4
175	8442525	1646	1.9496537E-4
176	8202382	1422	1.7336427E-4
0	8294499	1724	2.078486E-4
1	8165104	1527	1.8701538E-4
2	8341516	1632	1.956479E-4
3	8669295	1550	1.7879193E-4
4	8108783	1618	1.9953672E-4
5	8203443	1521	1.8540995E-4
6	8256123	1568	1.8991965E-4
7	8470669	1598	1.8865099E-4
8	7980728	1359	1.7028522E-4
9	8305793	1579	1.9010827E-4
10	8241521	1550	1.8807208E-4
11	8271971	1551	1.8750066E-4
12	8212800	1440	1.7533606E-4
13	8519940	1474	1.7300592E-4
14	8365542	1488	1.7787251E-4
15	8117027	1423	1.7531049E-4
16	8449047	1536	1.8179565E-4
17	8247059	1500	1.8188302E-4
18	8182470	1455	1.7781917E-4
19	8499611	1513	1.7800815E-4
20	7957073	1364	1.7141982E-4
21	8351879	1483	1.7756483E-4
22	8118373	1415	1.74296E-4
23	8312189	1606	1.9321023E-4
24	7964016	1392	1.7478618E-4
25	8447231	1472	1.7425828E-4
26	8356844	1498	1.7925428E-4
27	8195764	1353	1.6508528E-4
28	8259775	1437	1.7397568E-4
29	8330929	1434	1.7212966E-4
30	8210444	1646	2.0047637E-4
31	8386883	1483	1.7682374E-4
32	8297534	1379	1.6619396E-4
33	8319792	1437	1.7272067E-4
34	8267284	1467	1.7744643E-4
35	8222853	1377	1.6746012E-4
36	8350226	1380	1.65265E-4
37	8168462	1412	1.7285996E-4
38	8054639	1343	1.6673621E-4
39	8485902	1430	1.6851479E-4
40	8426825	1430	1.6969618E-4
41	8336225	1418	1.7010098E-4
42	8139119	1344	1.6512844E-4
43	8171544	1336	1.6349419E-4
44	8372322	1435	1.7139809E-4
45	8256069	1500	1.8168453E-4
46	8214782	1360	1.6555522E-4
47	8434481	1463	1.7345465E-4
48	8193165	1342	1.6379506E-4
49	8981168	1424	1.5855399E-4
50	8098915	1359	1.6780026E-4
51	8311402	1411	1.6976679E-4
52	8291913	1387	1.6727141E-4
53	8061452	1299	1.6113723E-4
54	8006329	1289	1.6099763E-4
55	8312982	1401	1.6853158E-4
56	8336228	1424	1.7082067E-4
57	8173956	1364	1.6687147E-4
58	8367372	1410	1.6851169E-4
59	8285655	1357	1.6377703E-4
60	8258453	1394	1.6879675E-4
61	8806945	1510	1.714556E-4
62	8194002	1386	1.6914812E-4
63	8439981	1426	1.6895773E-4
64	8278642	1359	1.6415736E-4
65	8265361	1326	1.6042856E-4
66	8246165	1299	1.5752777E-4
67	8267121	1398	1.6910362E-4
68	7939875	1305	1.6436027E-4
69	8201338	1375	1.6765557E-4
70	8494788	1443	1.6986887E-4
71	8339703	1359	1.6295545E-4
72	8224969	1317	1.6012219E-4
73	8620483	1378	1.5985183E-4
74	8109850	1323	1.6313496E-4
75	8487776	1475	1.7377932E-4
76	8238570	1335	1.6204268E-4
77	8171898	1330	1.6275288E-4
78	8140795	1276	1.5674144E-4
79	8217991	1349	1.6415204E-4
80	8548686	1457	1.7043555E-4
81	8124836	1301	1.601263E-4
82	8069234	1246	1.5441366E-4
83	8150577	1347	1.6526437E-4
84	8527125	1386	1.6254013E-4
85	8465437	1429	1.6880405E-4
86	8182870	1275	1.5581331E-4
87	8384701	1274	1.519434E-4
88	8317727	1319	1.5857698E-4
89	8428296	1353	1.6053068E-4
90	8473150	1277	1.5071136E-4
91	8199504	1261	1.5378979E-4
92	8242213	1301	1.5784596E-4
93	8349980	1336	1.6000039E-4
94	8367702	1312	1.5679335E-4
95	8222000	1285	1.56288E-4
96	8279581	1296	1.5652966E-4
97	8344455	1307	1.5663097E-4
98	8336497	1318	1.5809998E-4
99	8262911	1226	1.4837386E-4
100	8320951	1343	1.6139982E-4
101	8282731	1306	1.5767747E-4
102	8492401	1324	1.5590408E-4
103	8119520	1235	1.5210258E-4
104	8197214	1239	1.5114891E-4
105	8225227	1251	1.5209307E-4
106	8052280	1184	1.470391E-4
107	8549238	1334	1.5603729E-4
108	8263303	1302	1.575641E-4
109	8467447	1246	1.4715179E-4
110	8240972	1262	1.5313727E-4
111	8566356	1260	1.4708705E-4
112	8107019	1163	1.4345594E-4
113	8244496	1284	1.5574027E-4
114	8744969	1310	1.4980041E-4
115	8157364	1275	1.5630049E-4
116	8179078	1212	1.4818297E-4
117	8207230	1219	1.4852757E-4
118	8200771	1220	1.487665E-4
119	8123846	1153	1.4192786E-4
120	8323219	1223	1.4693834E-4
121	8275196	1244	1.5032876E-4
122	8260779	1191	1.4417527E-4
123	8499130	1288	1.5154493E-4
124	8219893	1256	1.5280004E-4
125	8373537	1262	1.5071289E-4
126	8225442	1187	1.4430836E-4
127	8243782	1212	1.470199E-4
128	8279074	1195	1.443398E-4
129	8356864	1316	1.5747534E-4
130	8374493	1223	1.4603868E-4
131	8327815	1179	1.4157375E-4
132	8337843	1253	1.5027868E-4
133	8190144	1200	1.4651757E-4
134	8127243	1123	1.3817725E-4
135	8379816	1252	1.4940662E-4
136	8201305	1250	1.5241477E-4
137	8189235	1171	1.429926E-4
138	8629633	1335	1.546995E-4
139	8507377	1336	1.5704018E-4
140	8318240	1228	1.4762738E-4
141	8190024	1169	1.4273463E-4
142	8415560	1211	1.439001E-4
143	8332628	1248	1.4977268E-4
144	8301905	1169	1.4081105E-4
145	8245330	1161	1.4080698E-4
146	8422487	1229	1.459189E-4
147	8487469	1228	1.4468389E-4
148	8843972	1121	1.26753E-4
149	8320072	1207	1.4507087E-4
150	8201023	1131	1.3790962E-4
151	8321801	1174	1.4107523E-4
152	8304487	1128	1.3583018E-4
153	8382096	1191	1.4208857E-4
154	8083626	1107	1.3694349E-4
155	8197917	1115	1.3601016E-4
156	8127940	1133	1.3939572E-4
157	8170922	1101	1.3474612E-4
158	8386128	1180	1.4070857E-4
159	8144592	1114	1.3677788E-4
160	8107805	1052	1.2975151E-4
161	8267366	1220	1.4756816E-4
162	8426239	1129	1.3398624E-4
163	8391756	1161	1.3835006E-4
164	8531129	1213	1.4218516E-4
165	8290856	1127	1.3593289E-4
166	8173729	1099	1.3445516E-4
167	8328905	1106	1.3279056E-4
168	8239769	1125	1.3653295E-4
169	8176916	1074	1.3134537E-4
170	8209008	1077	1.3119733E-4
171	8441873	1160	1.3741026E-4
172	8298937	1110	1.3375207E-4
173	8199601	1117	1.3622614E-4
174	8418511	1167	1.3862309E-4
175	8442525	1167	1.3822879E-4
176	8202382	1065	1.2984034E-4
0	8294499	1246	1.5022005E-4
1	8165104	1126	1.3790393E-4
2	8341516	1136	1.3618628E-4
3	8669295	1132	1.3057579E-4
4	8108783	1143	1.4095826E-4
5	8203443	1033	1.2592274E-4
6	8256123	1045	1.2657273E-4
7	8470669	1181	1.3942228E-4
8	7980728	1042	1.3056453E-4
9	8305793	1100	1.3243768E-4
10	8241521	1046	1.2691833E-4
11	8271971	1084	1.3104494E-4
12	8212800	998	1.2151763E-4
13	8519940	1109	1.3016524E-4
14	8365542	1111	1.328067E-4
15	8117027	1045	1.2874171E-4
16	8449047	1126	1.3326947E-4
17	8247059	1027	1.2452924E-4
18	8182470	1081	1.321117E-4
19	8499611	1073	1.2624107E-4
20	7957073	974	1.2240683E-4
21	8351879	1113	1.3326343E-4
22	8118373	1028	1.2662636E-4
23	8312189	1106	1.330576E-4
24	7964016	997	1.2518809E-4
25	8447231	1086	1.2856284E-4
26	8356844	1064	1.2732079E-4
27	8195764	987	1.2042806E-4
28	8259775	1092	1.3220699E-4
29	8330929	1131	1.3575917E-4
30	8210444	1107	1.3482827E-4
31	8386883	1050	1.251955E-4
32	8297534	1053	1.2690517E-4
33	8319792	1013	1.21757854E-4
34	8267284	1032	1.2482938E-4
35	8222853	1041	1.265984E-4
36	8350226	1046	1.2526607E-4
37	8168462	981	1.2009605E-4
38	8054639	922	1.14468196E-4
39	8485902	1045	1.2314542E-4
40	8426825	1015	1.2044868E-4
41	8336225	1040	1.2475671E-4
42	8139119	989	1.2151193E-4
43	8171544	995	1.2176402E-4
44	8372322	1057	1.2624933E-4
45	8256069	1070	1.2960163E-4
46	8214782	1004	1.222187E-4
47	8434481	1042	1.235405E-4
48	8193165	969	1.18269316E-4
49	8981168	1016	1.131256E-4
50	8098915	891	1.10014735E-4
51	8311402	958	1.1526335E-4
52	8291913	1061	1.27956E-4
53	8061452	1004	1.2454332E-4
54	8006329	912	1.1390988E-4
55	8312982	1022	1.2294024E-4
56	8336228	939	1.12640875E-4
57	8173956	977	1.1952597E-4
58	8367372	1034	1.2357524E-4
59	8285655	972	1.1731118E-4
60	8258453	959	1.1612345E-4
61	8806945	1097	1.2456079E-4
62	8194002	963	1.1752499E-4
63	8439981	1036	1.2274909E-4
64	8278642	1011	1.2212148E-4
65	8265361	963	1.1651034E-4
66	8246165	954	1.1569014E-4
67	8267121	989	1.19630524E-4
68	7939875	886	1.11588655E-4
69	8201338	981	1.19614626E-4
70	8494788	1071	1.2607731E-4
71	8339703	1049	1.2578386E-4
72	8224969	901	1.0954448E-4
73	8620483	1062	1.2319496E-4
74	8109850	922	1.1368891E-4
75	8487776	1039	1.2241134E-4
76	8238570	957	1.1616093E-4
77	8171898	968	1.1845474E-4
78	8140795	955	1.1731041E-4
79	8217991	956	1.16330135E-4
80	8548686	989	1.15690294E-4
81	8124836	939	1.15571565E-4
82	8069234	902	1.117826E-4
83	8150577	910	1.1164854E-4
84	8527125	1034	1.212601E-4
85	8465437	981	1.1588297E-4
86	8182870	954	1.1658501E-4
87	8384701	945	1.12705275E-4
88	8317727	916	1.1012624E-4
89	8428296	986	1.1698687E-4
90	8473150	1002	1.182559E-4
91	8199504	879	1.0720161E-4
92	8242213	913	1.1077122E-4
93	8349980	958	1.14730814E-4
94	8367702	947	1.1317325E-4
95	8222000	969	1.17854535E-4
96	8279581	903	1.0906349E-4
97	8344455	933	1.11810776E-4
98	8336497	940	1.12757196E-4
99	8262911	905	1.09525565E-4
100	8320951	868	1.04315E-4
101	8282731	961	1.1602453E-4
102	8492401	978	1.15161776E-4
103	8119520	877	1.08011314E-4
104	8197214	885	1.0796351E-4
105	8225227	860	1.04556384E-4
106	8052280	813	1.0096519E-4
107	8549238	969	1.13343434E-4
108	8263303	916	1.1085156E-4
109	8467447	913	1.0782471E-4
110	8240972	897	1.0884638E-4
111	8566356	895	1.04478495E-4
112	8107019	890	1.0978141E-4
113	8244496	922	1.1183218E-4
114	8744969	926	1.05889456E-4
115	8157364	825	1.01135614E-4
116	8179078	901	1.1015912E-4
117	8207230	873	1.06369625E-4
118	8200771	880	1.0730699E-4
119	8123846	874	1.07584514E-4
120	8323219	862	1.035657E-4
121	8275196	952	1.1504259E-4
122	8260779	908	1.09917E-4
123	8499130	910	1.0706978E-4
124	8219893	864	1.05110856E-4
125	8373537	916	1.0939224E-4
126	8225442	883	1.0734986E-4
127	8243782	873	1.05898E-4
128	8279074	936	1.1305612E-4
129	8356864	916	1.096105E-4
130	8374493	872	1.04125706E-4
131	8327815	918	1.10233E-4
132	8337843	958	1.1489782E-4
133	8190144	814	9.9387755E-5
134	8127243	837	1.0298695E-4
135	8379816	878	1.0477557E-4
136	8201305	879	1.07178064E-4
137	8189235	845	1.0318424E-4
138	8629633	895	1.0371241E-4
139	8507377	923	1.08494074E-4
140	8318240	895	1.07594875E-4
141	8190024	835	1.019533E-4
142	8415560	867	1.0302345E-4
143	8332628	836	1.0032849E-4
144	8301905	844	1.0166341E-4
145	8245330	885	1.07333486E-4
146	8422487	856	1.01632686E-4
147	8487469	882	1.03917904E-4
148	8843972	828	9.362309E-5
149	8320072	852	1.0240296E-4
150	8201023	808	9.8524295E-5
151	8321801	877	1.0538584E-4
152	8304487	786	9.464763E-5
153	8382096	819	9.770826E-5
154	8083626	805	9.9584024E-5
155	8197917	828	1.01001264E-4
156	8127940	839	1.03224185E-4
157	8170922	812	9.937679E-5
158	8386128	852	1.0159635E-4
159	8144592	773	9.490961E-5
160	8107805	773	9.5340234E-5
161	8267366	889	1.07531225E-4
162	8426239	858	1.01824786E-4
163	8391756	830	9.8906596E-5
164	8531129	857	1.0045564E-4
165	8290856	818	9.866291E-5
166	8173729	805	9.848626E-5
167	8328905	808	9.701155E-5
168	8239769	795	9.648329E-5
169	8176916	782	9.563508E-5
170	8209008	794	9.6723015E-5
171	8441873	827	9.796404E-5
172	8298937	792	9.543391E-5
173	8199601	733	8.939459E-5
174	8418511	824	9.787954E-5
175	8442525	751	8.895443E-5
176	8202382	764	9.314367E-5
0	8294499	847	1.02115875E-4
1	8165104	788	9.6508265E-5
2	8341516	788	9.446724E-5
3	8669295	830	9.574019E-5
4	8108783	818	1.0087827E-4
5	8203443	762	9.288783E-5
6	8256123	744	9.011494E-5
7	8470669	808	9.538798E-5
8	7980728	722	9.046794E-5
9	8305793	817	9.836508E-5
10	8241521	775	9.403604E-5
11	8271971	769	9.296454E-5
12	8212800	797	9.704364E-5
13	8519940	752	8.8263536E-5
14	8365542	792	9.4674084E-5
15	8117027	707	8.710085E-5
16	8449047	825	9.764415E-5
17	8247059	747	9.057774E-5
18	8182470	767	9.373698E-5
19	8499611	825	9.706327E-5
20	7957073	747	9.387874E-5
21	8351879	778	9.315269E-5
22	8118373	732	9.016585E-5
23	8312189	781	9.3958406E-5
24	7964016	687	8.626301E-5
25	8447231	781	9.2456336E-5
26	8356844	774	9.26187E-5
27	8195764	703	8.577602E-5
28	8259775	767	9.285967E-5
29	8330929	781	9.374705E-5
30	8210444	828	1.00847166E-4
31	8386883	738	8.799455E-5
32	8297534	733	8.83395E-5
33	8319792	730	8.774258E-5
34	8267284	767	9.277533E-5
35	8222853	794	9.656016E-5
36	8350226	770	9.221307E-5
37	8168462	754	9.230624E-5
38	8054639	680	8.44234E-5
39	8485902	807	9.5098905E-5
40	8426825	749	8.888282E-5
41	8336225	737	8.8409324E-5
42	8139119	728	8.944457E-5
43	8171544	717	8.7743516E-5
44	8372322	767	9.1611386E-5
45	8256069	794	9.617168E-5
46	8214782	684	8.326453E-5
47	8434481	731	8.666805E-5
48	8193165	712	8.69017E-5
49	8981168	698	7.771818E-5
50	8098915	704	8.6925225E-5
51	8311402	694	8.349975E-5
52	8291913	721	8.695219E-5
53	8061452	670	8.3111576E-5
54	8006329	698	8.7181026E-5
55	8312982	666	8.011566E-5
56	8336228	749	8.984879E-5
57	8173956	695	8.502615E-5
58	8367372	781	9.333874E-5
59	8285655	722	8.713856E-5
60	8258453	735	8.899972E-5
61	8806945	720	8.1753664E-5
62	8194002	708	8.640467E-5
63	8439981	728	8.625612E-5
64	8278642	729	8.805792E-5
65	8265361	721	8.723152E-5
66	8246165	722	8.7555854E-5
67	8267121	724	8.7575834E-5
68	7939875	663	8.350257E-5
69	8201338	719	8.7668624E-5
70	8494788	724	8.5228734E-5
71	8339703	734	8.8012726E-5
72	8224969	721	8.765991E-5
73	8620483	750	8.700209E-5
74	8109850	642	7.9162994E-5
75	8487776	745	8.777329E-5
76	8238570	708	8.5937245E-5
77	8171898	660	8.076459E-5
78	8140795	686	8.4266954E-5
79	8217991	685	8.3353705E-5
80	8548686	759	8.878557E-5
81	8124836	650	8.000161E-5
82	8069234	622	7.708291E-5
83	8150577	682	8.3675055E-5
84	8527125	668	7.833824E-5
85	8465437	724	8.552423E-5
86	8182870	638	7.796776E-5
87	8384701	673	8.0265236E-5
88	8317727	693	8.331603E-5
89	8428296	731	8.673165E-5
90	8473150	705	8.3204E-5
91	8199504	632	7.7077835E-5
92	8242213	692	8.395803E-5
93	8349980	674	8.071875E-5
94	8367702	690	8.245991E-5
95	8222000	662	8.051569E-5
96	8279581	628	7.5849246E-5
97	8344455	674	8.07722E-5
98	8336497	633	7.593117E-5
99	8262911	672	8.132727E-5
100	8320951	661	7.943803E-5
101	8282731	678	8.185706E-5
102	8492401	730	8.5959204E-5
103	8119520	614	7.5620235E-5
104	8197214	634	7.734335E-5
105	8225227	635	7.720152E-5
106	8052280	638	7.923222E-5
107	8549238	676	7.9071375E-5
108	8263303	650	7.866104E-5
109	8467447	685	8.0898055E-5
110	8240972	640	7.766074E-5
111	8566356	582	6.794021E-5
112	8107019	629	7.758709E-5
113	8244496	638	7.738496E-5
114	8744969	645	7.3756695E-5
115	8157364	666	8.164402E-5
116	8179078	653	7.983785E-5
117	8207230	661	8.0538746E-5
118	8200771	625	7.6212345E-5
119	8123846	575	7.0779286E-5
120	8323219	652	7.833508E-5
121	8275196	614	7.419764E-5
122	8260779	644	7.795875E-5
123	8499130	706	8.306732E-5
124	8219893	653	7.944142E-5
125	8373537	652	7.786435E-5
126	8225442	629	7.647005E-5
127	8243782	636	7.714906E-5
128	8279074	629	7.597468E-5
129	8356864	695	8.316517E-5
130	8374493	600	7.164613E-5
131	8327815	623	7.480954E-5
132	8337843	679	8.143593E-5
133	8190144	543	6.62992E-5
134	8127243	588	7.2349256E-5
135	8379816	670	7.995402E-5
136	8201305	604	7.3646814E-5
137	8189235	563	6.874879E-5
138	8629633	666	7.717594E-5
139	8507377	694	8.157626E-5
140	8318240	645	7.754044E-5
141	8190024	627	7.655655E-5
142	8415560	636	7.5574295E-5
143	8332628	625	7.500635E-5
144	8301905	603	7.2633935E-5
145	8245330	638	7.737713E-5
146	8422487	657	7.800546E-5
147	8487469	643	7.575875E-5
148	8843972	630	7.123496E-5
149	8320072	631	7.584069E-5
150	8201023	585	7.1332564E-5
151	8321801	630	7.570477E-5
152	8304487	605	7.2852185E-5
153	8382096	626	7.468299E-5
154	8083626	614	7.595601E-5
155	8197917	600	7.318932E-5
156	8127940	512	6.299259E-5
157	8170922	590	7.220727E-5
158	8386128	640	7.631651E-5
159	8144592	563	6.912562E-5
160	8107805	550	6.783587E-5
161	8267366	613	7.4146956E-5
162	8426239	570	6.764584E-5
163	8391756	595	7.090292E-5
164	8531129	605	7.091676E-5
165	8290856	593	7.1524584E-5
166	8173729	551	6.741109E-5
167	8328905	596	7.1558025E-5
168	8239769	600	7.281757E-5
169	8176916	543	6.640646E-5
170	8209008	533	6.4928674E-5
171	8441873	616	7.296959E-5
172	8298937	563	6.784001E-5
173	8199601	552	6.732035E-5
174	8418511	618	7.3409654E-5
175	8442525	582	6.893672E-5
176	8202382	592	7.217416E-5
0	8294499	630	7.5953954E-5
1	8165104	589	7.213625E-5
2	8341516	616	7.3847485E-5
3	8669295	596	6.8748384E-5
4	8108783	581	7.1650706E-5
5	8203443	534	6.509462E-5
6	8256123	525	6.358917E-5
7	8470669	625	7.378402E-5
8	7980728	543	6.8038906E-5
9	8305793	582	7.0071575E-5
10	8241521	588	7.1346054E-5
11	8271971	565	6.830295E-5
12	8212800	542	6.599454E-5
13	8519940	509	5.9742204E-5
14	8365542	579	6.921249E-5
15	8117027	530	6.5294844E-5
16	8449047	572	6.769994E-5
17	8247059	540	6.5477885E-5
18	8182470	520	6.355049E-5
19	8499611	561	6.600302E-5
20	7957073	546	6.8618196E-5
21	8351879	544	6.513504E-5
22	8118373	493	6.0726452E-5
23	8312189	516	6.207751E-5
24	7964016	486	6.102449E-5
25	8447231	581	6.877993E-5
26	8356844	549	6.569466E-5
27	8195764	560	6.832798E-5
28	8259775	572	6.9251284E-5
29	8330929	566	6.79396E-5
30	8210444	591	7.198149E-5
31	8386883	579	6.9036374E-5
32	8297534	528	6.3633364E-5
33	8319792	515	6.190059E-5
34	8267284	537	6.4954824E-5
35	8222853	572	6.956223E-5
36	8350226	564	6.7543086E-5
37	8168462	546	6.684245E-5
38	8054639	494	6.133111E-5
39	8485902	532	6.269222E-5
40	8426825	583	6.918383E-5
41	8336225	499	5.985923E-5
42	8139119	501	6.155457E-5
43	8171544	485	5.9352307E-5
44	8372322	564	6.7364825E-5
45	8256069	560	6.782889E-5
46	8214782	507	6.171801E-5
47	8434481	564	6.686837E-5
48	8193165	515	6.2857274E-5
49	8981168	541	6.0237155E-5
50	8098915	530	6.5440865E-5
51	8311402	504	6.0639588E-5
52	8291913	500	6.0299717E-5
53	8061452	530	6.574498E-5
54	8006329	487	6.082688E-5
55	8312982	491	5.9064245E-5
56	8336228	549	6.585712E-5
57	8173956	530	6.484008E-5
58	8367372	547	6.537297E-5
59	8285655	525	6.3362524E-5
60	8258453	516	6.2481435E-5
61	8806945	589	6.687904E-5
62	8194002	497	6.065412E-5
63	8439981	597	7.073476E-5
64	8278642	543	6.5590466E-5
65	8265361	535	6.472797E-5
66	8246165	471	5.711746E-5
67	8267121	526	6.3625535E-5
68	7939875	466	5.86911E-5
69	8201338	496	6.0477938E-5
70	8494788	524	6.1684885E-5
71	8339703	519	6.223243E-5
72	8224969	493	5.9939437E-5
73	8620483	547	6.3453524E-5
74	8109850	497	6.12835E-5
75	8487776	554	6.527034E-5
76	8238570	534	6.4817075E-5
77	8171898	471	5.763655E-5
78	8140795	495	6.0804872E-5
79	8217991	501	6.0963805E-5
80	8548686	506	5.9190384E-5
81	8124836	476	5.85858E-5
82	8069234	433	5.366061E-5
83	8150577	451	5.5333505E-5
84	8527125	506	5.9340047E-5
85	8465437	527	6.225314E-5
86	8182870	475	5.8048092E-5
87	8384701	502	5.987095E-5
88	8317727	467	5.6145145E-5
89	8428296	493	5.8493435E-5
90	8473150	518	6.113429E-5
91	8199504	479	5.841817E-5
92	8242213	476	5.775148E-5
93	8349980	497	5.9521102E-5
94	8367702	557	6.6565466E-5
95	8222000	467	5.679883E-5
96	8279581	482	5.8215508E-5
97	8344455	468	5.6085148E-5
98	8336497	469	5.6258643E-5
99	8262911	480	5.8090907E-5
100	8320951	514	6.177179E-5
101	8282731	514	6.2056824E-5
102	8492401	472	5.55791E-5
103	8119520	455	5.6037796E-5
104	8197214	454	5.538467E-5
105	8225227	452	5.4952892E-5
106	8052280	469	5.824437E-5
107	8549238	507	5.930353E-5
108	8263303	488	5.905629E-5
109	8467447	451	5.3262807E-5
110	8240972	433	5.2542346E-5
111	8566356	462	5.3931915E-5
112	8107019	421	5.193031E-5
113	8244496	483	5.858454E-5
114	8744969	500	5.717573E-5
115	8157364	459	5.6268178E-5
116	8179078	437	5.3429005E-5
117	8207230	455	5.5438923E-5
118	8200771	422	5.1458577E-5
119	8123846	495	6.0931732E-5
120	8323219	460	5.526708E-5
121	8275196	486	5.8729725E-5
122	8260779	450	5.447428E-5
123	8499130	491	5.777062E-5
124	8219893	437	5.316371E-5
125	8373537	472	5.6368055E-5
126	8225442	493	5.993599E-5
127	8243782	470	5.701267E-5
128	8279074	457	5.519941E-5
129	8356864	439	5.253167E-5
130	8374493	467	5.576457E-5
131	8327815	445	5.3435386E-5
132	8337843	495	5.9367874E-5
133	8190144	444	5.42115E-5
134	8127243	457	5.623063E-5
135	8379816	448	5.3461794E-5
136	8201305	517	6.303875E-5
137	8189235	418	5.1042618E-5
138	8629633	474	5.492702E-5
139	8507377	475	5.5833894E-5
140	8318240	471	5.6622554E-5
141	8190024	409	4.9938804E-5
142	8415560	452	5.371003E-5
143	8332628	430	5.160437E-5
144	8301905	447	5.3843065E-5
145	8245330	436	5.287842E-5
146	8422487	482	5.7227753E-5
147	8487469	442	5.207677E-5
148	8843972	438	4.9525257E-5
149	8320072	434	5.216301E-5
150	8201023	436	5.3164098E-5
151	8321801	483	5.804032E-5
152	8304487	441	5.310382E-5
153	8382096	463	5.5236782E-5
154	8083626	404	4.997757E-5
155	8197917	425	5.184244E-5
156	8127940	416	5.118148E-5
157	8170922	438	5.3604723E-5
158	8386128	458	5.4614E-5
159	8144592	407	4.9971808E-5
160	8107805	402	4.9581853E-5
161	8267366	434	5.2495558E-5
162	8426239	480	5.6964916E-5
163	8391756	439	5.2313248E-5
164	8531129	435	5.0989733E-5
165	8290856	434	5.2346826E-5
166	8173729	391	4.7836184E-5
167	8328905	408	4.8986032E-5
168	8239769	403	4.890914E-5
169	8176916	409	5.0018858E-5
170	8209008	395	4.8117872E-5
171	8441873	421	4.987045E-5
172	8298937	428	5.157287E-5
173	8199601	389	4.7441332E-5
174	8418511	423	5.0246414E-5
175	8442525	471	5.5788998E-5
176	8202382	400	4.876632E-5
0	8294499	459	5.533788E-5
1	8165104	419	5.1315943E-5
2	8341516	420	5.0350558E-5
3	8669295	418	4.821615E-5
4	8108783	431	5.3152242E-5
5	8203443	384	4.6809615E-5
6	8256123	376	4.5541958E-5
7	8470669	408	4.8166206E-5
8	7980728	405	5.074725E-5
9	8305793	423	5.092831E-5
10	8241521	379	4.5986657E-5
11	8271971	414	5.0048533E-5
12	8212800	401	4.8826223E-5
13	8519940	370	4.3427535E-5
14	8365542	415	4.960826E-5
15	8117027	418	5.149669E-5
16	8449047	405	4.79344E-5
17	8247059	448	5.4322394E-5
18	8182470	403	4.925163E-5
19	8499611	397	4.670802E-5
20	7957073	365	4.587114E-5
21	8351879	359	4.298434E-5
22	8118373	361	4.4467037E-5
23	8312189	421	5.0648512E-5
24	7964016	342	4.2943157E-5
25	8447231	442	5.2324838E-5
26	8356844	413	4.942057E-5
27	8195764	395	4.819563E-5
28	8259775	386	4.6732508E-5
29	8330929	403	4.8373957E-5
30	8210444	415	5.054538E-5
31	8386883	369	4.3997275E-5
32	8297534	410	4.9412272E-5
33	8319792	415	4.9881055E-5
34	8267284	407	4.9230195E-5
35	8222853	426	5.1806837E-5
36	8350226	389	4.6585566E-5
37	8168462	356	4.3582255E-5
38	8054639	378	4.692948E-5
39	8485902	402	4.737269E-5
40	8426825	404	4.7942136E-5
41	8336225	402	4.8223268E-5
42	8139119	388	4.767101E-5
43	8171544	369	4.5156703E-5
44	8372322	372	4.443212E-5
45	8256069	388	4.699573E-5
46	8214782	408	4.9666563E-5
47	8434481	402	4.76615E-5
48	8193165	331	4.039953E-5
49	8981168	407	4.5317047E-5
50	8098915	357	4.4079978E-5
51	8311402	384	4.6201592E-5
52	8291913	400	4.8239774E-5
53	8061452	376	4.6641722E-5
54	8006329	349	4.3590513E-5
55	8312982	339	4.077959E-5
56	8336228	388	4.654383E-5
57	8173956	374	4.5755078E-5
58	8367372	424	5.0673018E-5
59	8285655	380	4.5862398E-5
60	8258453	401	4.855631E-5
61	8806945	406	4.609998E-5
62	8194002	367	4.478886E-5
63	8439981	392	4.6445602E-5
64	8278642	347	4.1915086E-5
65	8265361	341	4.1256517E-5
66	8246165	351	4.256524E-5
67	8267121	390	4.7174828E-5
68	7939875	347	4.3703458E-5
69	8201338	362	4.413914E-5
70	8494788	371	4.3673837E-5
71	8339703	369	4.424618E-5
72	8224969	366	4.4498647E-5
73	8620483	378	4.384905E-5
74	8109850	365	4.5006997E-5
75	8487776	422	4.971856E-5
76	8238570	346	4.199758E-5
77	8171898	317	3.8791477E-5
78	8140795	326	4.004523E-5
79	8217991	332	4.039917E-5
80	8548686	365	4.269662E-5
81	8124836	331	4.0739284E-5
82	8069234	369	4.5729248E-5
83	8150577	315	3.864757E-5
84	8527125	398	4.6674584E-5
85	8465437	416	4.9140996E-5
86	8182870	345	4.2161246E-5
87	8384701	363	4.3293137E-5
88	8317727	343	4.123723E-5
89	8428296	322	3.820464E-5
90	8473150	359	4.236913E-5
91	8199504	354	4.3173342E-5
92	8242213	352	4.2706975E-5
93	8349980	365	4.371268E-5
94	8367702	365	4.36201E-5
95	8222000	329	4.0014595E-5
96	8279581	344	4.1547995E-5
97	8344455	345	4.134482E-5
98	8336497	346	4.1504245E-5
99	8262911	347	4.1994885E-5
100	8320951	350	4.20625E-5
101	8282731	382	4.6120054E-5
102	8492401	377	4.439263E-5
103	8119520	348	4.2859676E-5
104	8197214	346	4.2209464E-5
105	8225227	319	3.8783124E-5
106	8052280	338	4.197569E-5
107	8549238	366	4.2810832E-5
108	8263303	339	4.1024756E-5
109	8467447	303	3.57841E-5
110	8240972	309	3.7495578E-5
111	8566356	322	3.758891E-5
112	8107019	320	3.947197E-5
113	8244496	348	4.220998E-5
114	8744969	351	4.013736E-5
115	8157364	332	4.0699422E-5
116	8179078	302	3.6923477E-5
117	8207230	314	3.825895E-5
118	8200771	319	3.8898783E-5
119	8123846	339	4.1729003E-5
120	8323219	321	3.856681E-5
121	8275196	347	4.193254E-5
122	8260779	304	3.6800404E-5
123	8499130	310	3.647432E-5
124	8219893	330	4.0146508E-5
125	8373537	362	4.3231434E-5
126	8225442	336	4.084887E-5
127	8243782	330	4.0030172E-5
128	8279074	312	3.7685375E-5
129	8356864	314	3.7573904E-5
130	8374493	318	3.7972448E-5
131	8327815	335	4.0226638E-5
132	8337843	298	3.5740657E-5
133	8190144	334	4.0780724E-5
134	8127243	317	3.9004615E-5
135	8379816	343	4.0931685E-5
136	8201305	334	4.0725226E-5
137	8189235	339	4.1395808E-5
138	8629633	331	3.8356207E-5
139	8507377	334	3.9260045E-5
140	8318240	346	4.1595336E-5
141	8190024	327	3.9926625E-5
142	8415560	297	3.529177E-5
143	8332628	297	3.5643017E-5
144	8301905	342	4.1195362E-5
145	8245330	321	3.8931128E-5
146	8422487	344	4.0843042E-5
147	8487469	342	4.0294697E-5
148	8843972	321	3.6295907E-5
149	8320072	284	3.413432E-5
150	8201023	297	3.6214995E-5
151	8321801	304	3.6530553E-5
152	8304487	313	3.7690468E-5
153	8382096	327	3.9011724E-5
154	8083626	315	3.896766E-5
155	8197917	309	3.76925E-5
156	8127940	260	3.1988424E-5
157	8170922	305	3.732749E-5
158	8386128	310	3.696581E-5
159	8144592	290	3.560645E-5
160	8107805	320	3.946814E-5
161	8267366	323	3.9069277E-5
162	8426239	329	3.9044702E-5
163	8391756	332	3.9562638E-5
164	8531129	285	3.340707E-5
165	8290856	321	3.8717353E-5
166	8173729	303	3.7069985E-5
167	8328905	306	3.6739522E-5
168	8239769	288	3.4952434E-5
169	8176916	298	3.6444057E-5
170	8209008	319	3.885975E-5
171	8441873	291	3.4471024E-5
172	8298937	321	3.8679653E-5
173	8199601	291	3.548953E-5
174	8418511	316	3.753633E-5
175	8442525	324	3.8377144E-5
176	8202382	266	3.2429605E-5
